{
  "511": {
    "x": -278.6739317013769,
    "y": -172.28,
    "scaling": 1,
    "type": "basic"
  },
  "578": {
    "x": -279.75,
    "y": -170.54437226253697,
    "scaling": 1,
    "type": "basic"
  }
}